Strategy,Alpha,Beta
Walk Forward Portfolio,0.0009253528366755814,0.5251523650122548
Dca Portfolio,-0.00017236886543775548,0.592584293216762
